,model,auc_bird,auc_not_bird
0,,0.8924010001351533,0.8924010001351533
2,small_cnn,,
