,model,auc_bird,auc_not_bird
0,,0.8836667117177994,0.8836667117177996
1,vgg_mfcc,,
