,model,top_1_acc,precision,f1
0,,0.81875,0.8401292646747192,0.826870151406078
5,vgg19,,,
