,model,auc_bird,auc_not_bird
0,,0.8984276329730876,0.8984191566009747
1,small_cnn,,
