,model,auc_bird,auc_not_bird
0,,0.905975469658062,0.9059754696580619
2,vgg_mfcc,,
