,model,top_1_acc,precision,f1
0,,0.8569570871261378,0.9054550130151309,0.8710112566916668
1,vgg19,,,
