,model,auc_bird,auc_not_bird
0,,0.4576631977294229,0.4576631977294229
3,mfcc_cnn,,
