,model,top_1_acc,precision,f1
0,,0.83125,0.8411594894580348,0.835286849380457
4,vgg_mfcc,,,
