,model,auc_bird,auc_not_bird
0,,0.8771117718610624,0.8771117718610623
1,vgg19,,
