,model,top_1_acc,precision,f1
0,,0.85125,0.8810754409379645,0.8609641547624972
2,vgg19,,,
