,model,auc_bird,auc_not_bird
0,,0.897874712799027,0.8978747127990269
6,vgg_mfcc,,
