,model,top_1_acc,precision,f1
0,,0.825,0.853600148668739,0.8352352328885303
4,vgg19,,,
