,model,top_1_acc,precision,f1
0,,0.81875,0.8604091346803622,0.8332127895052015
6,small_cnn,,,
