,model,top_1_acc,precision,f1
0,,0.84375,0.8429802591566429,0.843351147644309
6,vgg_mfcc,,,
