,model,auc_bird,auc_not_bird
0,,0.8663248411947561,0.8663417353696445
6,small_cnn,,
