,model,top_1_acc,precision,f1
0,,0.8634590377113134,0.915947573204028,0.8780468962369071
1,vgg_mfcc,,,
