,model,auc_bird,auc_not_bird
0,,0.8520025429116338,0.8520067810976902
5,vgg_mfcc,,
