,model,top_1_acc,precision,f1
0,,0.825,0.845115894039735,0.83256
1,vgg19,,,
