,model,auc_bird,auc_not_bird
0,,0.4605043441407078,0.4605043441407078
5,mfcc_cnn,,
