,model,auc_bird,auc_not_bird
0,,0.8462979444797627,0.8462979444797628
5,vgg19,,
