,model,top_1_acc,precision,f1
0,,0.79875,0.8230689764780675,0.8082669322709164
5,small_cnn,,,
