,model,auc_bird,auc_not_bird
0,,0.8705357142857143,0.8705399378294365
1,small_cnn,,
