,model,auc_bird,auc_not_bird
0,,0.8915225030409515,0.8915225030409515
3,vgg19,,
