,model,auc_bird,auc_not_bird
0,,0.8384966896948762,0.8384966896948762
1,vgg_mfcc,,
