,model,top_1_acc,precision,f1
0,,0.8275,0.8402187795648061,0.8325577254348933
3,vgg_mfcc,,,
