,model,auc_bird,auc_not_bird
0,,0.5474472901743479,0.5474472901743479
4,mfcc_cnn,,
