,model,top_1_acc,precision,f1
0,,0.82625,0.8395904429652655,0.831536552129655
1,vgg_mfcc,,,
