,model,auc_bird,auc_not_bird
0,,0.8612481416407622,0.8612481416407622
3,small_cnn,,
