,model,auc_bird,auc_not_bird
0,,0.8904666171104203,0.8904666171104204
3,vgg_mfcc,,
