,model,top_1_acc,precision,f1
0,,0.8225,0.8528736991485337,0.8333597046413503
3,small_cnn,,,
