,model,top_1_acc,precision,f1
0,,0.81375,0.8266998304725577,0.8190512744841588
5,vgg_mfcc,,,
