,model,auc_bird,auc_not_bird
0,,0.8834132990944721,0.8834132990944723
4,vgg19,,
