,model,auc_bird,auc_not_bird
0,,0.8440198618307425,0.8440198618307426
1,vgg19,,
