,model,top_1_acc,precision,f1
0,,0.83625,0.883287878787879,0.8514932688894349
1,small_cnn,,,
