,model,top_1_acc,precision,f1
0,,0.82875,0.8727994914853359,0.8434649470559589
2,small_cnn,,,
