,model,auc_bird,auc_not_bird
0,,0.8794262738207865,0.8794262738207866
6,vgg19,,
