,model,auc_bird,auc_not_bird
0,,0.8327781309599491,0.8327781309599492
5,small_cnn,,
