,model,auc_bird,auc_not_bird
0,,0.8758024733072036,0.8758024733072037
4,small_cnn,,
