,model,top_1_acc,precision,f1
0,,0.8425,0.8601138667387486,0.8489248251748251
6,vgg19,,,
