,model,auc_bird,auc_not_bird
0,,0.5204208338964725,0.5204166103527503
6,mfcc_cnn,,
