,model,auc_bird,auc_not_bird
0,,0.8904581700229761,0.8904581700229761
2,vgg19,,
