,model,top_1_acc,precision,f1
0,,0.855,0.8822374645222326,0.8638713080168776
2,vgg_mfcc,,,
