,model,top_1_acc,precision,f1
0,,0.81625,0.8448958051763752,0.8267524194170942
4,small_cnn,,,
