,model,auc_bird,auc_not_bird
0,,0.8934146506284634,0.8934146506284633
4,vgg_mfcc,,
