,model,top_1_acc,precision,f1
0,,0.8475,0.8602341532639545,0.8523100358422938
3,vgg19,,,
