,model,auc_bird,auc_not_bird
0,,0.472513177456413,0.4725131774564131
1,mfcc_cnn,,
