,model,top_1_acc,precision,f1
0,,0.81375,0.8507329115421003,0.8269664948022165
1,small_cnn,,,
