,model,auc_bird,auc_not_bird
0,,0.4766691444789837,0.4766691444789837
2,mfcc_cnn,,
